-7515.916799,4864889.663,-7446.141303,4864842.65
-7383.867221,4864839.74,-7365.776231,4864849.62
-7374.30208,4864846.534,-7382.004223,4864843.977
-7365.824883,4864842.829,-7353.379434,4864839.587
-7641.499303,4864922.399,-7638.468663,4864920.572
-7338.80721,4864825.467,-7386.618855,4864820.331
-7379.351683,4864849.201,-7394.197267,4864862.437
-7340.558777,4864758.919,-7507.298473,4864820.188
-7357.531253,4864765.848,-7398.177969,4864820.14
-7345.08517,4864830.817,-7401.19837,4864820.335
-7344.182657,4864754.249,-7401.114754,4864820.152
-7372.664041,4864844.42,-7380.800587,4864837.438
-7377.067905,4864849.185,-7402.114428,4864852.305
-7331.1001,4864766.922,-7374.80821,4864821.891
-7385.871536,4864839.977,-7413.304801,4864821.682
-7393.43515,4864836.732,-7401.530044,4864820.356
-7559.678074,4864887.491,-7557.568166,4864880.397
-7414.450283,4864788.465,-7506.064104,4864818.611
-7402.404284,4864806.404,-7402.123262,4864779.913
-7358.379579,4864836.879,-7401.795598,4864820.314
-7558.859014,4864871.124,-7571.810137,4864875.47
-7586.944816,4864985.859,-7613.773565,4864879.238
-7410.584706,4864793.276,-7464.812515,4864825.492
-7394.22637,4864821.056,-7501.242448,4864815.553
-7568.98589,4864876.026,-7564.182951,4864875.596
-7562.7171,4864865.958,-7564.13376,4864875.093
-7385.478494,4864837.69,-7402.116849,4864820.443
-7397.033907,4864828.821,-7402.176836,4864860.286
-7674.785283,4864934.176,-7609.761128,4864928.956
-7656.475561,4864938.298,-7601.147783,4864927.905
-7642.764986,4865005.025,-7639.285464,4864988.424
-7539.960817,4864919.931,-7532.615708,4864920.835
-7525.314098,4864932.947,-7524.068838,4864926.47
-7533.086327,4864937.63,-7546.187628,4864927.113
-7521.608767,4864950.601,-7526.922328,4864925.641
-7424.812344,4864862.992,-7513.15403,4864884.261
-7457.36065,4864831.445,-7441.490951,4864826.591
-7460.452553,4864816.039,-7442.683406,4864816.959
-7460.037216,4864814.489,-7437.348928,4864817.753
-7468.448112,4864818.486,-7459.534652,4864811.062
-7423.096844,4864877.847,-7518.335335,4864881.706
-7423.1762,4864896.141,-7419.66736,4864882.852
-7538.841262,4864919.722,-7534.383204,4864924.487
-7538.918079,4864919.892,-7544.943584,4864910.38
-7530.7565,4864921.514,-7535.907292,4864910.968
-7521.829906,4864950.574,-7536.025065,4864909.612
-7555.42255,4864885.779,-7549.395244,4864884.025
-7366.085279,4864842.569,-7391.483068,4864850.942
-7336.648692,4864827.088,-7330.588748,4864824.59
-7323.657903,4864819.079,-7330.272889,4864823.649
-7680.015484,4864931.065,-7659.647732,4864924.389
-7644.886068,4864948.477,-7615.766161,4864928.034
-7639.400495,4864912.978,-7656.073513,4864925.586
-7632.7776,4864964.799,-7618.53106,4864972.836
-7607.0766,4864977.692,-7615.190515,4864980.258
-7592.953185,4864984.236,-7653.236576,4864954.549
-7588.941393,4864985.591,-7623.528038,4864987.767
-7611.19623,4864981.686,-7620.700609,4864979.339
-7615.527718,4864981.659,-7619.21272,4864984.679
-7592.090242,4864978.876,-7630.454255,4864970.229
-7616.359926,4864979.095,-7618.533869,4864981.749
-7691.1092,4864927.525,-7603.594748,4864927.849
-7685.4946,4864929.135,-7664.309088,4864926.913
-7684.281834,4864931.868,-7669.443251,4864927.83
-7682.45565,4864932.533,-7604.827611,4864930.332
-7676.893653,4864933.956,-7605.584962,4864928.706
-7675.647922,4864933.139,-7602.891529,4864930.923
-7644.303847,4864948.781,-7601.103505,4864990.638
-7656.996781,4864937.204,-7601.942167,4864931.824
-7662.306421,4864938.272,-7601.076706,4864929.437
-7662.4472,4864933.772,-7660.283314,4864923.542
-7667.5438,4864937.555,-7603.264241,4864927.809
-7643.697517,4864929.915,-7602.655589,4864927.833
-7643.322984,4864928.087,-7601.43681,4864928.888
-7646.636442,4864925.363,-7601.722252,4864928.094
-7641.563093,4864922.355,-7665.530291,4864925.787
-7641.010339,4864920.687,-7655.149603,4864926.195
-7640.030671,4864914.509,-7655.149603,4864926.195
-7638.02266,4864903.078,-7659.313803,4864919.544
-7646.314497,4864932.316,-7602.319494,4864928.619
-7618.4159,4864974.441,-7619.716051,4864983.146
-7616.645292,4864976.249,-7620.680255,4864977.033
-7605.2483,4864978.216,-7610.949725,4864981.842
-7634.494455,4864983.863,-7618.738932,4864989.182
-7632.282604,4864987.964,-7620.424209,4864983.403
-7497.755715,4864852.284,-7470.735774,4864857.587
-7619.012817,4864975.717,-7622.363225,4864985.905
-7616.700439,4864976.42,-7611.095086,4864983.007
-7616.572262,4864979.56,-7616.927779,4864982.288
-7610.8998,4864976.934,-7610.999682,4864979.956
-7609.20937,4864978.214,-7612.489443,4864978.413
-7601.694076,4864980.077,-7613.235172,4864988.157
-7589.179437,4864985.271,-7602.743731,4864983.062
-7637.9228,4864993.341,-7649.647228,4864989.634
-7594.0349,4864981.768,-7606.864867,4864979.869
-7593.921917,4864982.042,-7608.642281,4864984.41
-7609.0212,4864977.473,-7613.048151,4864980.24
-7543.769246,4864923.903,-7547.309553,4864926.406
-7621.815236,4864976.104,-7626.357578,4864983.212
-7689.2842,4864928.048,-7658.777967,4864926.08
-7662.306619,4864934.367,-7606.792934,4864927.563
-7661.817194,4864938.373,-7604.282899,4864927.978
-7637.083444,4864949.563,-7601.052926,4864983.696
-7636.895627,4864905.423,-7654.395929,4864919.563
-7592.5623,4864981.852,-7624.47165,4864966.12
-7636.820696,4864991.647,-7619.729594,4864987.823
-7638.1938,4864993.271,-7621.335583,4864988.488
-7639.109633,4864999.143,-7674.448648,4864939.182
-7638.018905,4865000.234,-7631.993389,4864985.772
-7639.445599,4865001.215,-7649.43674,4864988.891
-7640.842587,4865006.615,-7627.445653,4864988.385
-7641.960915,4865008.77,-7651.507589,4864990.948
-7640.416867,4865010.649,-7638.521126,4864989.114
-7636.392922,4864951.457,-7637.144712,4864940.826
-7642.673226,4864947.686,-7600.088566,4864947.939
-7650.255976,4864937.119,-7602.143679,4864928.141
-7616.891914,4864979.162,-7614.153752,4864983.474
-7603.3359,4864979.102,-7614.919347,4864950.276
-7603.3359,4864979.102,-7606.583218,4864980.186
-7603.760302,4864979.787,-7674.732338,4864949.09
-7595.974,4864981.212,-7601.44552,4864980.736
-7594.0349,4864981.768,-7668.959832,4864951.708
-7587.135331,4864985.996,-7669.036015,4864964.732
-7586.943686,4864985.922,-7601.646361,4864989.366
-7594.265541,4864983.826,-7607.146682,4864986.033
-7596.907032,4864983.125,-7613.87946,4864986.068
-7603.021203,4864981.022,-7613.967743,4864982.485
-7594.392463,4864982.329,-7674.751207,4864949.742
-7592.234935,4864978.26,-7615.878333,4864976.344
-7637.009211,4864993.706,-7647.309035,4864987.959
-7596.474079,4864983.248,-7623.580219,4864986.765
-7601.387,4864979.661,-7618.501937,4864982.235
-7543.960387,4864927.216,-7530.031848,4864927.315
-7516.413621,4864937.65,-7523.394584,4864928.853
-7519.672804,4864937.762,-7517.11394,4864927.175
-7634.211466,4864984.244,-7630.753852,4864987.649
-7637.4238,4864991.599,-7642.307686,4864985.748
-7639.599,4864999.188,-7628.999423,4864986.702
-7639.59487,4865007.105,-7639.044022,4864990.101
-7641.1338,4865014.95,-7674.402878,4864939.223
-7641.6804,4865016.858,-7642.187675,4864989.028
-7641.805496,4865014.359,-7641.797192,4864990.013
-7641.233382,4865008.555,-7662.920627,4864991.465
-7640.0948,4865000.918,-7649.572544,4864990.977
-7637.02141,4864993.486,-7674.847871,4864939.248
-7632.481102,4864987.954,-7624.169894,4864989.153
-7632.069805,4864982.088,-7621.882448,4864985.541
-7632.979076,4864965.227,-7627.294024,4864955.225
-7637.418826,4864955.693,-7647.659556,4864935.252
-7637.311944,4864955.822,-7640.614578,4864943.371
-7618.420082,4864974.841,-7618.03967,4864982.955
-7610.5094,4864982.554,-7624.489506,4864986.208
-7605.144161,4864978.712,-7613.763352,4864983.426
-7592.573271,4864984.102,-7630.46193,4864987.742
-7589.066216,4864985.332,-7509.193114,4864971.794
-7594.105457,4864981.959,-7605.85381,4864976.974
-7601.387,4864979.661,-7626.381118,4864976.797
-7609.072139,4864977.916,-7615.240532,4864984.102
-7609.152702,4864978.04,-7616.091735,4864978.048
-7616.854985,4864975.699,-7617.340215,4864978.706
-7616.641076,4864979.359,-7614.232992,4864982.169
-7497.428076,4864857.616,-7494.507857,4864861.588
-7498.058072,4864856.551,-7492.929279,4864868.961
-7633.8746,4864970.482,-7635.576434,4864963.21
-7644.960178,4864948.718,-7642.458927,4864929.452
-7646.1805,4864933.026,-7661.371283,4864922.715
-7646.285567,4864926.003,-7622.402632,4864913.517
-7653.343301,4864920.963,-7654.83847,4864922.839
-7653.57922,4864920.2,-7644.058356,4864923.222
-7635.2218,4864983.918,-7622.694984,4864987.817
-7634.726195,4864986.136,-7629.983446,4864981.328
-7632.37888,4864988.065,-7620.1572,4864981.188
-7632.416805,4864988.147,-7616.580113,4864980.606
-7637.4238,4864991.599,-7623.187946,4864988.774
-7637.9228,4864993.341,-7614.810868,4864986.109
-7639.599,4864999.188,-7643.551134,4864990.987
-7639.476597,4865001.201,-7642.913394,4864989.554
-7639.649241,4865007.294,-7641.635712,4864988.93
-7640.925049,4865006.798,-7632.913504,4864988.889
-7639.161576,4864914.576,-7640.718016,4864904.39
-7641.345082,4865008.718,-7645.23489,4864986.617
-7638.574663,4864906.727,-7627.42044,4864905.485
-7640.571306,4865009.163,-7643.956558,4864990.777
-7636.882219,4864899.159,-7491.344733,4864855.117
-7642.246561,4865014.266,-7620.323719,4864990.922
-7646.6999,4864925.041,-7633.278829,4864921.208
-7641.6804,4865016.858,-7675.077558,4864973.554
-7642.223136,4865015.538,-7645.440027,4864989.384
-7638.939477,4864952.247,-7643.309866,4864939.488
-7637.704834,4864955.732,-7632.712464,4864945.382
-7633.54918,4864964.769,-7633.452848,4864959.021
-7640.31145,4864957.972,-7631.953676,4864941.223
-7634.91499,4864973.19,-7641.098007,4864941.19
-7632.2587,4864981.123,-7626.542263,4864988.68
-7618.71421,4864971.333,-7630.099513,4864981.895
-7656.91621,4864937.628,-7603.157322,4864928.432
-7665.654015,4864936.726,-7605.065965,4864927.891
-7674.26434,4864934.195,-7672.362536,4864926.869
-7681.730915,4864931.851,-7606.608805,4864929.617
-7689.2842,4864928.048,-7670.12123,4864926.261
-7691.1092,4864927.525,-7675.240421,4864930.837
-7682.07559,4864931.224,-7666.30803,4864925.86
-7644.713263,4864929.179,-7668.322427,4864927.549
-7646.7335,4864925.06,-7601.933519,4864927.754
-7618.087355,4864970.033,-7625.191133,4864976.99
-7641.741721,4864920.048,-7631.315341,4864915.526
-7640.016521,4864913.715,-7641.615623,4864904.843
-7637.557443,4864905.206,-7627.308452,4864903.315
-7636.033334,4864898.452,-7645.797233,4864908.8
-7645.5591,4864949.407,-7627.061652,4864978.042
-7634.54482,4864965.753,-7643.140062,4864981.837
-7633.8946,4864970.446,-7641.898794,4864975.926
-7633.802239,4864984.071,-7631.744771,4864988.696
-7632.528533,4864987.435,-7618.251679,4864980.937
-7636.400182,4864992.678,-7642.5393,4864990.276
-7638.915551,4865000.869,-7645.432536,4864990.558
-7641.7253,4865006.606,-7638.225936,4864990.2
-7616.0996,4864980.436,-7626.393462,4864985.477
-7610.8998,4864976.934,-7609.27083,4864982.906
-7642.31457,4865014.356,-7627.211945,4864974.423
-7609.0212,4864977.473,-7609.830832,4864986.652
-7602.677418,4864981.047,-7611.707096,4864980.538
-7603.09438,4864981.107,-7613.677375,4864981.507
-7595.974,4864981.212,-7616.029904,4864982.035
-7618.097113,4864976.564,-7617.567967,4864984.641
-7594.524293,4864983.703,-7611.804548,4864979.818
-7594.0349,4864981.768,-7615.136482,4864974.693
-7592.164003,4864978.944,-7615.568505,4864976.723
-7610.512136,4864978.589,-7674.732252,4864956.883
-7602.787024,4864980.849,-7620.03549,4864966.008
-7595.539201,4864982.715,-7576.685582,4864960.424
-7588.031572,4864985.52,-7600.822444,4864935.132
-7616.0996,4864980.436,-7632.095795,4864988.423
-7505.670723,4864864.858,-7504.031196,4864864.331
-7506.7627,4864850.702,-7496.931307,4864874.933
-7511.468102,4864852.679,-7507.485524,4864874.876
-7516.442265,4864843.723,-7510.333839,4864845.738
-7522.347115,4864839.185,-7540.196225,4864830.185
-7522.965989,4864840.137,-7501.960999,4864870.478
-7521.063506,4864845.064,-7536.860325,4864828.555
-7517.5858,4864844.915,-7533.511303,4864839.84
-7511.7367,4864841.647,-7521.207898,4864847.128
-7525.81813,4864845.299,-7537.559963,4864857.46
-7526.747516,4864845.536,-7489.47941,4864878.999
-7526.301658,4864845.086,-7473.716047,4864865.331
-7642.6626,4864928.121,-7649.549903,4864918.182
-7644.365146,4864929.741,-7609.948208,4864899.487
-7649.3392,4864936.54,-7601.054293,4864900.378
-7644.74651,4864948.35,-7635.986578,4864974.729
-7633.34758,4864984.857,-7633.351362,4864978.035
-7634.106117,4864983.981,-7628.559207,4864983.413
-7637.4238,4864991.599,-7626.477437,4864986.821
-7636.398131,4864898.561,-7642.020656,4864911.291
-7637.635001,4864904.551,-7648.525096,4864899.426
-7638.637717,4864906.667,-7638.482698,4864899.726
-7653.343301,4864920.963,-7659.806129,4864925.175
-7652.152865,4864925.906,-7648.051819,4864925.683
-7644.278508,4864929.127,-7602.586168,4864927.682
-7645.025672,4864929.801,-7601.215066,4864929.225
-7646.57609,4864931.611,-7604.140851,4864927.592
-7660.0454,4864939.413,-7601.592462,4864928.17
-7661.8632,4864938.892,-7670.389677,4864981.288
-7666.248086,4864936.287,-7604.997895,4864927.95
-7673.913439,4864933.753,-7670.888644,4864927.151
-7676.657039,4864933.448,-7602.103457,4864927.574
-7676.7537,4864934.623,-7606.172506,4864927.742
-7676.7537,4864934.623,-7609.178393,4864927.621
-7676.617488,4864933.596,-7607.476105,4864926.935
-7683.791141,4864930.401,-7666.041443,4864926.735
-7644.012431,4864947.189,-7626.042375,4864941.868
-7632.8345,4864964.83,-7536.535693,4864948.466
-7633.8746,4864970.482,-7674.560383,4864939.168
-7632.108204,4864982.43,-7628.48247,4864983.308
-7634.406271,4864984.265,-7622.505305,4864982.348
-7634.833296,4864985.896,-7615.939796,4864986.606
-7634.2296,4864985.623,-7618.164544,4864981.04
-7636.582831,4864993.556,-7635.751315,4864989.799
-7637.520334,4864993.582,-7623.615604,4864987.448
-7639.186566,4864999.287,-7630.491385,4864985.743
-7638.818726,4864999.214,-7628.500176,4864988.286
-7639.345316,4865007.271,-7621.973658,4864989.491
-7641.380979,4865006.834,-7632.447849,4864989.647
-7641.763617,4865008.642,-7649.080333,4864990.254
-7631.768407,4864982.258,-7623.844403,4864981.831
-7633.8746,4864970.482,-7616.181769,4864965.737
-7633.8746,4864970.482,-7625.685969,4864962.319
-7632.8345,4864964.83,-7639.587184,4864962.105
-7632.8345,4864964.83,-7614.615503,4864975.679
-7635.169694,4864966.328,-7625.114563,4864979.117
-7636.677348,4864993.15,-7631.359629,4864988.221
-7616.798543,4864976.53,-7615.285624,4864978.698
-7635.339141,4864966.312,-7634.306647,4864951.09
-7644.893837,4864948.717,-7637.751941,4864928.709
-7644.189186,4864948.604,-7654.922797,4864937.604
-7595.485298,4864982.723,-7607.564558,4864986.25
-7535.15907,4864937.088,-7540.70238,4864927.394
-7523.198609,4864951.853,-7526.213731,4864936.582
-7519.366759,4864949.736,-7530.232865,4864929.405
-7519.585929,4864949.825,-7545.744691,4864927.459
-7510.211206,4864949.287,-7530.859082,4864931.678
-7510.211206,4864949.287,-7535.11541,4864929.727
-7528.608069,4864959.505,-7493.303329,4864932.685
-7524.486762,4864933.91,-7516.61401,4864927.451
-7526.790757,4864929.91,-7533.894345,4864926.947
-7540.467679,4864920.049,-7538.179717,4864923.968
-7537.0249,4864918.277,-7534.065517,4864925.648
-7537.578472,4864895.74,-7539.393219,4864879.064
-7437.605308,4864862.85,-7413.875917,4864883.75
-7424.591081,4864875.211,-7495.753838,4864884.237
-7423.656974,4864876.022,-7446.637653,4864883.329
-7420.121581,4864894.492,-7413.956026,4864874.999
-7604.554352,4864984.376,-7608.369563,4864978.142
-7605.384653,4864986.075,-7601.043399,4864931.294
-7604.881661,4864985.261,-7601.047908,4864939.701
-7601.588734,4864980.273,-7601.046985,4864938.289
-7596.378345,4864982.918,-7586.879668,4864907.277
-7594.125144,4864982.074,-7542.194508,4864905.41
-7594.8471,4864984.519,-7600.272326,4864908.266
-7587.80043,4864986.539,-7597.017954,4864903.599
-7602.945294,4864980.977,-7601.056886,4864938.947
-7609.166814,4864977.925,-7601.087321,4864913.485
-7609.362764,4864977.375,-7601.061156,4864931.456
-7616.200419,4864978.721,-7622.239118,4864981.514
-7616.538605,4864978.738,-7626.964438,4864977.441
-7616.898294,4864978.91,-7613.756109,4864979.367
-7616.9783,4864975.192,-7601.061174,4864933.994
-7626.970295,4864979.48,-7613.265391,4864978.729
-7621.667416,4864976.469,-7620.668644,4864980.419
-7634.155202,4864984.068,-7624.296856,4864981.444
-7632.729254,4864987.352,-7623.236217,4864983.328
-7637.4238,4864991.599,-7628.24837,4864986.498
-7637.183465,4864993.453,-7628.5839,4864984.52
-7313.201409,4864791.464,-7402.273483,4864887.716
-7315.681216,4864801.951,-7335.658944,4864821.455
-7312.702992,4864807.611,-7329.017712,4864820.211
-7317.3947,4864813.451,-7333.449572,4864823.032
-7325.190744,4864818.085,-7402.670553,4864794.017
-7338.202833,4864826.271,-7402.284454,4864780.233
-7372.830904,4864844.761,-7402.630753,4864841.984
-7380.5138,4864849.634,-7402.088347,4864840.569
-7383.342699,4864841.282,-7424.742906,4864820.228
-7386.605974,4864834.277,-7402.150793,4864791.192
-7435.388335,4864861.668,-7426.444365,4864849.759
-7424.093177,4864875.733,-7420.868883,4864877.835
-7473.791199,4864866.482,-7446.866842,4864849.206
-7536.820311,4864918.304,-7514.950405,4864938.423
-7636.781984,4864993.85,-7644.203464,4864990.224
-7636.53133,4864993.907,-7601.137324,4864970.997
-7641.774127,4865010.445,-7642.797761,4864990.728
-7640.716594,4865008.048,-7637.539718,4864989.023
-7595.180759,4864982.783,-7601.578116,4864984.245
-7602.932874,4864980.721,-7610.397782,4864980.71
-7602.97878,4864980.723,-7612.202954,4864981.959
-7603.134732,4864980.569,-7610.911544,4864978.952
-7617.699243,4864977.885,-7618.046325,4864984.06
-7644.495367,4864948.817,-7650.396314,4864934.562
-7675.643698,4864932.93,-7614.392149,4864929.022
-7676.41944,4864934.719,-7620.406482,4864927.565
-7570.069794,4864891.279,-7534.807551,4864881.629
-7570.555293,4864891.587,-7536.221591,4864882.497
-7569.47774,4864895.843,-7546.580574,4864879.751
-7563.288365,4864889.143,-7536.125442,4864882.99
-7560.3764,4864888.262,-7545.438434,4864876.263
-7559.475876,4864887.533,-7535.505478,4864876.207
-7559.588994,4864887.43,-7535.242379,4864876.861
-7562.745988,4864889.696,-7539.716723,4864880.396
-7653.343301,4864920.963,-7600.943691,4864975.328
-7653.343301,4864920.963,-7601.706518,4864927.553
-7653.343301,4864920.963,-7601.571302,4864927.471
-7644.777622,4864917.966,-7644.321337,4864927.502
-7645.610077,4864918.171,-7675.002897,4864927.501
-7645.732443,4864918.4,-7674.901158,4864927.432
-7653.343301,4864920.963,-7609.368042,4864927.42
-7541.9829,4864921.109,-7540.451844,4864903.503
-7653.343301,4864920.963,-7601.053198,4864966.509
-7653.343301,4864920.963,-7608.684924,4864927.564
-7653.343301,4864920.963,-7600.874024,4864972.55
-7652.241957,4864922.759,-7591.959197,4864979.409
-7645.660788,4864918.207,-7601.034738,4864973.07
-7632.8345,4864964.831,-7597.889741,4864826.091
-7632.917927,4864969.74,-7622.878661,4864981.393
-7633.244284,4864965.473,-7621.382635,4864972.03
-7632.974395,4864965.272,-7601.026353,4864918.136
-7633.63494,4864965.628,-7629.834154,4864971.747
-7633.118736,4864964.771,-7600.785833,4864917.889
-7616.302439,4864979.774,-7609.961919,4864977.318
-7644.84285,4864948.672,-7601.099697,4864939.683
-7645.191225,4864945.749,-7600.994824,4864964.603
-7636.0402,4864966.576,-7675.125369,4864878.235
-7618.486732,4864975.57,-7600.58706,4864927.677
-7651.415232,4864934.247,-7601.033593,4864991.384
-7611.307602,4864977.423,-7614.067551,4864982.469
-7632.2587,4864981.123,-7635.209619,4864987.939
-7664.313643,4864935.942,-7601.032992,4864956.279
-7603.774165,4864979.602,-7601.032247,4864928.329
-7635.195181,4864985.96,-7601.026879,4864991.43
-7669.772416,4864935.27,-7601.035181,4864991.416
-7602.843964,4864981.813,-7614.00448,4864978.028
-7634.02642,4864984.097,-7613.589998,4864982.091
-7595.945229,4864981.478,-7600.947799,4864925.479
-7636.438746,4864991.857,-7601.675819,4864982.753
-7593.602365,4864984.37,-7611.255679,4864977.879
-7636.857206,4864994.495,-7674.526255,4864967.432
-7681.346188,4864931.882,-7601.035002,4864991.401
-7643.130242,4864946.65,-7596.791928,4864982.769
-7559.755181,4864887.712,-7550.304969,4864875.182
-7586.75734,4864985.599,-7600.648645,4864916.75
-7688.355246,4864929.228,-7601.037473,4864913.756
-7642.146888,4865017.365,-7675.251998,4864988.899
-7637.64213,4865000.818,-7601.455321,4864991.448
-7590.076329,4864985.114,-7621.70243,4864946.82
-7562.7171,4864865.958,-7567.194638,4864875.18
-7689.599426,4864933.85,-7601.0375,4864924.867
-7589.367525,4864981.481,-7614.110151,4864969.605
-7641.268709,4865012.993,-7675.251631,4864939.416
-7634.759267,4864966.11,-7628.746109,4864980.29
-7695.931955,4864931.433,-7601.029123,4864943.703
-7587.865767,4864986.52,-7610.709794,4864986.745
-7639.239147,4864911.94,-7601.03036,4864941.072
-7637.922588,4865000.021,-7675.251464,4864939.531
-7589.661824,4864985.449,-7544.468178,4864967.302
-7594.578437,4864982.731,-7613.584155,4864986.029
-7695.938755,4864931.808,-7603.911103,4864894.834
-7640.431466,4865009.384,-7633.521974,4864986.809
-7621.722563,4864976.834,-7675.251402,4864939.283
-7689.269485,4864933.683,-7601.518996,4864927.512
-7495.66469,4864879.539,-7507.489487,4864883.625
-7641.35244,4865015.713,-7675.074785,4864973.145
-7603.1035,4864981.034,-7601.03341,4864935.434
-7596.677064,4864982.981,-7617.551309,4864985.666
-7636.958372,4864904.751,-7601.006163,4864986.987
-7687.509244,4864929.576,-7646.722966,4864927.556
-7611.24801,4864977.683,-7601.033183,4864930.059
-7676.52328,4864932.924,-7671.772135,4864928.059
-7639.553124,4864915.181,-7601.063149,4864883.133
-7604.70752,4864980.745,-7607.380182,4864985.607
-7538.567995,4864919.086,-7529.418825,4864923.221
-7669.029523,4864935.308,-7601.410372,4864989.385
-7632.188458,4864981.715,-7601.009194,4864987.261
-7554.897451,4864884.976,-7539.746735,4864875.905
-7530.818237,4864934.09,-7534.773931,4864927.262
-7609.725675,4864977.271,-7600.694333,4864943.468
-7664.417651,4864935.771,-7601.552987,4864986.793
-7661.830973,4864935.682,-7602.954918,4864927.608
-7661.13608,4864939.1,-7601.031337,4864979.97
-7631.744527,4864987.555,-7601.033272,4864988.932
-7568.737138,4864876.092,-7568.332571,4864876.759
-7611.483683,4864978.024,-7601.084677,4864991.351
-7608.834282,4864978.367,-7613.579255,4864981.782
-7597.326163,4864982.568,-7600.7576,4864947.613
-7651.834375,4864933.715,-7601.035049,4864991.509
-7571.112366,4864871.859,-7555.618108,4864877.994
-7638.9103,4865000.255,-7619.695317,4864983.103
-7522.974167,4864947.549,-7537.900996,4864927.379
-7586.491922,4864985.582,-7629.239542,4864934.577
-7642.797867,4864924.112,-7601.026694,4864962.6
-7616.94885,4864979.693,-7613.617276,4864985.479
-7521.969222,4864949.184,-7535.921439,4864909.824
-7422.68337,4864877.16,-7430.724666,4864884.393
-7559.66946,4864870.796,-7547.533453,4864881.449
-7645.5584,4864949.409,-7640.505081,4864944.674
-7667.046195,4864936.201,-7601.228956,4864928.657
-7642.10423,4865014.822,-7601.164621,4864991.473
-7676.7537,4864934.623,-7601.129956,4864928.772
-7641.559583,4864919.868,-7601.024894,4864969.403
-7648.117,4864944.793,-7623.928337,4864934.734
-7689.34599,4864934.123,-7602.874397,4864927.741
-7627.531166,4864979.545,-7610.586597,4864984.204
-7643.8331,4865011.783,-7617.073867,4864991.348
-7588.600915,4864984.817,-7668.410334,4864939.973
-7638.286777,4864906.938,-7599.330076,4864989.442
-7655.8102,4864938.365,-7600.925286,4864983.267
-7603.584816,4864979.525,-7632.363462,4864968.684
-7636.081334,4864901.116,-7600.73166,4864984.474
-7634.475921,4864986.223,-7620.448432,4864981.175
-7639.169579,4865000.823,-7601.166304,4864991.423
-7661.603514,4864938.966,-7601.033474,4864927.585
-7596.727231,4864982.006,-7670.246738,4864941.226
-7689.895159,4864934.565,-7585.356321,4864937.351
-7418.115147,4864893.582,-7442.450502,4864884.624
-7677.549419,4864933.528,-7675.248719,4864927.341
-7660.742555,4864935.182,-7601.033628,4864984.548
-7631.104189,4864902.251,-7600.944308,4864956.153
-7615.037843,4864975.904,-7631.213697,4864990.616
-7594.018346,4864982.141,-7609.360967,4864977.706
-7528.231765,4864900.959,-7543.812779,4864928.817
-7636.553816,4864993.814,-7624.762559,4864986.586
-7630.855576,4864989.85,-7632.396951,4864979.633
-7640.92615,4864922.063,-7601.10886,4864982.956
-7628.391508,4864895.976,-7647.875933,4864879.114
-7633.232864,4864970.395,-7601.603667,4864991.021
-7661.858396,4864934.813,-7603.557481,4864927.645
-7587.435972,4864986.143,-7519.669774,4864910.575
-7665.650228,4864936.345,-7601.0351,4864991.454
-7647.469239,4864924.892,-7601.469095,4864927.538
-7633.458986,4864965.057,-7612.845568,4864990.846
-7669.3579,4864936.743,-7601.02667,4864966.782
-7631.48093,4864894.796,-7643.396545,4864876.522
-7516.721404,4864894.164,-7470.504268,4864871.121
-7673.740909,4864934.396,-7600.992051,4864991.511
-7633.427577,4864902.34,-7601.043163,4864885.629
-7638.033511,4864912.464,-7601.521771,4864927.603
-7630.078081,4864902.031,-7601.043665,4864886.058
-7641.687096,4865005.416,-7637.008997,4864989.635
-7587.190174,4864986.321,-7592.419164,4864929.321
-7677.587316,4864933.075,-7601.031727,4864886.22
-7647.790996,4864932.286,-7601.049519,4864991.461
-7629.573515,4864895.309,-7601.030981,4864890.05
-7640.518274,4864919.807,-7601.012,4864985.787
-7673.829935,4864933.49,-7600.983303,4864839.942
-7641.853573,4864920.275,-7601.676988,4864932.688
-7638.856277,4865010.4,-7637.443557,4864989.655
-7638.68211,4864911.542,-7601.028929,4864980.23
-7682.393382,4864930.837,-7576.526982,4864987.889
-7497.026702,4864889.884,-7494.88813,4864883.746
-7496.281805,4864882.903,-7510.324801,4864884.124
-7636.081282,4864904.218,-7601.033256,4864934.337
-7685.156379,4864931.912,-7589.027448,4864986.825
-7637.725549,4864898.555,-7601.41112,4864925.627
-7684.479554,4864930.237,-7601.033657,4864908.744
-7639.345078,4865007.267,-7642.230355,4864989.017
-7638.173063,4864906.766,-7601.025058,4864935.199
-7688.298001,4864928.557,-7601.032094,4864843.84
-7630.371494,4864895.353,-7601.026768,4864947.891
-7637.633105,4864956.621,-7601.585766,4864962.883
-7603.833051,4864981.56,-7605.324036,4864971.174
-7499.063232,4864872.217,-7502.22953,4864880.219
-7690.703644,4864927.641,-7607.561609,4864927.588
-7478.179275,4864891.125,-7497.124866,4864883.947
-7642.199499,4865016.835,-7644.797363,4864989.757
-7615.954497,4864975.512,-7629.138876,4864985.403
-7632.8344,4864964.83,-7605.761417,4864949.177
-7503.835681,4864863.175,-7499.466532,4864863.047
-7636.553698,4864899.336,-7601.065027,4864880.819
-7652.113968,4864934.375,-7601.033317,4864929.859
-7610.847665,4864977.252,-7615.089736,4864986.915
-7663.169901,4864933.585,-7603.850344,4864927.576
-7613.958191,4864982.64,-7613.417954,4864963.101
-7658.426278,4864938.045,-7601.033387,4864983.526
-7638.768011,4864907.278,-7600.679481,4864957.303
-7488.921541,4864876.872,-7488.902104,4864883.039
-7505.877579,4864858.429,-7504.292866,4864879.154
-7639.750883,4864915.306,-7600.997416,4864940.941
-7458.7266,4864832.163,-7453.377965,4864821.534
-7621.35119,4864975.9,-7624.934051,4864986.757
-7641.316,4865015.586,-7655.318671,4864991.494
-7664.739314,4864935.929,-7601.033748,4864986.803
-7646.7335,4864925.06,-7601.025594,4864942.901
-7647.682389,4864944.167,-7670.182974,4864939.114
-7501.276003,4864866.911,-7509.474676,4864873.463
-7633.125927,4864964.989,-7649.987786,4864937.885
-7470.4254,4864814.695,-7471.413083,4864819.422
-7675.199307,4864933.041,-7601.033507,4864988.658
-7635.065855,4864984.353,-7652.559728,4864989.445
-7609.254574,4864978.383,-7674.722132,4864986.593
-7661.930788,4864937.991,-7601.031486,4864976.489
-7639.735857,4864958.073,-7611.934518,4864976.822
-7509.805455,4864852.231,-7509.969048,4864869.767
-7602.88908,4864981.617,-7674.977417,4864989.004
-7687.776423,4864929.51,-7600.663795,4864989.657
-7460.286494,4864810.613,-7449.274988,4864827.634
-7637.402034,4864994.397,-7615.116344,4864989.758
-7458.346798,4864813.868,-7476.94846,4864831.94
-7514.572369,4864843.127,-7492.326919,4864831.058
-7594.170227,4864982.241,-7665.331722,4864950.463
-7638.178665,4864997.627,-7601.226303,4864991.531
-7680.617859,4864932.359,-7601.03414,4864929.665
-7503.815445,4864888.476,-7451.158322,4864874.089
-7683.869673,4864929.934,-7594.926043,4864991.188
-7587.2124,4864986.708,-7441.198212,4864986.438
-7453.81238,4864828.582,-7402.187316,4864877.796
-7639.75923,4865007.284,-7626.393808,4864985.348
-7662.4472,4864933.772,-7601.033059,4864990.267
-7661.257267,4864939.066,-7604.758487,4864927.739
-7673.435292,4864934.637,-7601.034531,4864988.887
-7642.306361,4865016.652,-7559.06088,4864977.169
-7476.421569,4864890.997,-7491.405013,4864879.098
-7684.867958,4864930.973,-7603.207427,4864927.714
-7682.79365,4864931.401,-7615.852423,4864913.243
-7675.552088,4864931.16,-7609.086645,4864927.627
-7533.4321,4864940.184,-7532.995778,4864927.699
-7690.500867,4864927.7,-7603.077514,4864927.667
-7641.599247,4865008.687,-7631.279712,4864984.546
-7643.289777,4864947.557,-7649.987786,4864937.885
-7682.894311,4864931.538,-7595.165886,4864991.323
-7628.522901,4864978.184,-7620.149523,4864987.523
-7476.283341,4864890.01,-7402.264435,4864899.514
-7600.121737,4864980.28,-7601.086808,4864980.768
-7438.840165,4864863.645,-7402.105989,4864947.304
-7692.25645,4864929.116,-7604.013004,4864991.441
-7523.779013,4864933.758,-7533.100251,4864927.704
-7688.8331,4864932.1,-7596.661401,4864991.425
-7646.6999,4864925.041,-7601.017488,4864986.02
-7597.50173,4864981.684,-7601.075847,4864967.998
-7690.253861,4864934.983,-7488.693389,4864974.52
-7637.577038,4865001.427,-7627.881592,4864988.79
-7637.100392,4864995.319,-7634.034274,4864990.955
-7640.66951,4864919.607,-7601.029723,4864972.068
-7688.654503,4864928.178,-7669.149869,4864924.586
-7631.671398,4864981.898,-7501.045558,4864987.059
-7470.712114,4864869.179,-7511.111923,4864880.666
-7642.334043,4865014.127,-7641.696233,4864991.171
-7459.332465,4864860.907,-7440.832042,4864878.46
-7637.1364,4864898.433,-7664.949108,4864924.751
-7635.627942,4864966.481,-7640.912977,4864950.362
-7637.782952,4865000.139,-7674.249201,4864939.142
-7646.261865,4864932.224,-7649.649348,4864943.876
-7642.566602,4865016.275,-7641.248421,4864939.123
-7609.0212,4864977.473,-7617.718528,4864980.139
-7437.556758,4864863.478,-7446.511329,4864884.503
-7647.7315,4864945.489,-7664.654926,4864926.976
-7641.18729,4865006.346,-7675.061529,4864939.133
-7688.907602,4864932.301,-7675.072622,4864926.098
-7525.570692,4864957.808,-7522.121032,4864927.848
-7634.408182,4864967.381,-7629.087526,4864968.811
-7641.965138,4864922.322,-7649.649348,4864943.876
-7592.867185,4864983.395,-7674.221946,4864952.948
-7434.204066,4864878.159,-7402.139532,4864909.808
-7689.72426,4864934.487,-7629.869254,4864809.946
-7424.905383,4864875.367,-7513.847271,4864882.55
-7660.281594,4864937.494,-7601.01516,4864989.106
-7685.814778,4864929.868,-7675.245912,4864926.115
-7631.058459,4864989.37,-7620.117282,4864985.278
-7634.14478,4864986.436,-7601.050478,4864978.542
-7433.105975,4864881.308,-7465.538824,4864884.031
-7616.128433,4864977.143,-7615.021924,4864983.703
-7588.433236,4864980.975,-7649.664523,4864940.65
-7639.166703,4864913.052,-7629.221457,4864914.963
-7659.833353,4864938.751,-7597.610198,4864991.23
-7666.181004,4864936.774,-7601.03395,4864988.662
-7661.067514,4864937.401,-7599.48324,4864989.57
-7422.813371,4864889.31,-7455.609533,4864884.249
-7419.868279,4864894.367,-7443.538397,4864888.245
-7674.583598,4864934.307,-7601.564104,4864981.547
-7676.41944,4864934.719,-7601.03424,4864973.241
-7600.79122,4864980.85,-7608.126005,4864981.324
-7587.539083,4864986.614,-7603.411298,4864957.503
-7618.98741,4864974.604,-7674.824756,4864956.341
-7637.001561,4864905.62,-7622.021928,4864906.005
-7562.071363,4864866.139,-7546.964148,4864883.167
-7593.080185,4864982.771,-7604.527301,4864978.551
-7434.276577,4864868.216,-7466.361632,4864884.281
-7661.394256,4864936.598,-7578.678612,4864959.594
-7636.894638,4864897.59,-7674.27674,4864924.208
-7587.7889,4864986.542,-7600.685211,4864947.158
-7601.152226,4864980.746,-7605.621544,4864985.756
-7651.99609,4864934.52,-7600.925617,4864990.711
-7568.742707,4864876.679,-7547.359639,4864879.491
-7684.455307,4864930.916,-7601.07262,4864931.616
-7631.911033,4864965.832,-7674.536207,4864947.282
-7674.821995,4864934.583,-7663.064309,4864925.658
-7645.859514,4864945.188,-7601.033234,4864991.424
-7432.028511,4864873.584,-7446.506936,4864884.401
-7637.5853,4864955.444,-7634.38241,4864964.964
-7535.763,4864917.735,-7529.413125,4864925.601
-7635.382886,4864984.48,-7623.751651,4864987.593
-7682.539298,4864932.533,-7669.894053,4864928.233
-7675.146414,4864932.879,-7603.056656,4864988.75
-7632.967204,4864988.287,-7612.243141,4864979.475
-7456.6495,4864823.181,-7450.665635,4864823.492
-7628.038557,4864950.365,-7634.659586,4864964.888
-7456.065033,4864830.274,-7445.088142,4864822.859
-7637.181378,4864993.981,-7601.239634,4864991.178
-7524.34124,4864933.401,-7536.406961,4864926.579
-7643.0002,4864930.314,-7601.032912,4864991.28
-7691.740181,4864927.784,-7537.387263,4864927.485
-7637.554562,4865000.978,-7601.524234,4864991.11
-7535.763,4864917.735,-7530.008189,4864920.367
-7640.151467,4865010.332,-7614.745447,4864969.913
-7461.284157,4864820.924,-7431.417943,4864828.766
-7631.590798,4864958.996,-7639.186238,4864955.217
-7540.206369,4864920.138,-7530.776193,4864915.815
-7554.781968,4864885.248,-7533.091363,4864902.151
-7641.446143,4865016.04,-7625.217311,4864983.974
-7639.205499,4865005.535,-7647.423811,4864988.836
-7459.939456,4864811.981,-7421.734132,4864819.825
-7458.8441,4864852.507,-7426.195908,4864876.336
-7641.033973,4865013.55,-7633.925848,4864988.359
-7522.859609,4864951.381,-7535.588335,4864927.069
-7459.735079,4864824.283,-7453.396599,4864825.905
-7469.032788,4864817.957,-7494.379805,4864854.996
-7523.820148,4864933.547,-7517.852605,4864926.855
-7675.320933,4864933.377,-7669.804131,4864926.637
-7456.389293,4864829.626,-7451.011333,4864821.149
-7537.110862,4864917.993,-7531.590187,4864911.115
-7642.552822,4864947.72,-7625.588312,4864941.073
-7535.209515,4864948.09,-7534.464102,4864891.907
-7585.389976,4864986.517,-7613.654118,4864979.573
-7506.969539,4864864.149,-7513.269762,4864878.975
-7646.343659,4864927.391,-7602.187447,4864928.931
-7555.683478,4864886.1,-7541.073164,4864875.546
-7507.291461,4864851.371,-7511.044101,4864861.701
-7512.593648,4864841.588,-7515.640679,4864869.031
-7533.882037,4864939.378,-7536.037243,4864926.714
-7639.282103,4864912.819,-7602.492069,4864928.097
-7571.6183,4864870.902,-7561.673874,4864875.329
-7636.8284,4864897.358,-7636.200181,4864890.74
-7637.187733,4864898.613,-7674.863643,4864878.696
-7503.492802,4864884.683,-7514.116989,4864883.923
-7637.071555,4864908.672,-7675.216511,4864876.373
-7458.876295,4864824.622,-7438.244606,4864870.776
-7500.996693,4864863.13,-7511.258801,4864883.861
-7537.85267,4864918.359,-7531.761441,4864926.718
-7506.834383,4864851.067,-7510.273442,4864883.837
-7517.5858,4864844.915,-7514.878289,4864865.63
-7525.179446,4864934.439,-7674.886883,4864927.571
-7498.697364,4864868.417,-7496.483592,4864880.214
-7455.725834,4864830.198,-7459.587236,4864837.759
-7505.615953,4864864.537,-7514.804103,4864851.9
-7506.84435,4864864.375,-7500.198268,4864879.241
-7524.7095,4864952.565,-7529.794266,4864926.939
-7536.452228,4864918.05,-7533.811745,4864927.23
-7436.557598,4864863.332,-7467.835953,4864884.888
-7516.166253,4864844.09,-7514.123268,4864872.795
-7553.96,4864884.572,-7514.634632,4864875.19
-7524.1088,4864935.006,-7529.924538,4864926.705
-7383.328817,4864844.772,-7402.116834,4864884.263
-7533.657621,4864939.067,-7540.319085,4864927.383
-7567.174809,4864868.926,-7547.033871,4864875.188
-7557.681319,4864917.692,-7675.218787,4864881.859
-7536.731668,4864934.23,-7546.060497,4864926.896
-7562.626887,4864867.431,-7549.802108,4864875.166
-7425.034787,4864874.854,-7419.053925,4864883.442
-7559.659569,4864871.9,-7567.003214,4864875.145
-7506.073256,4864862.419,-7514.788291,4864881.89
-7339.088377,4864826.346,-7402.090007,4864836.032
-7512.539079,4864841.784,-7509.68088,4864821.085
-7420.426335,4864893.485,-7506.38494,4864882.138
-7551.117336,4864897.775,-7549.564346,4864918.785
-7501.745083,4864863.867,-7509.379215,4864821.004
-7504.397316,4864886.16,-7489.111251,4864879.461
-7502.170424,4864884.733,-7490.334543,4864879.131
-7555.557679,4864902.018,-7672.72354,4864923.148
-7545.863605,4864896.628,-7527.237474,4864875.375
-7535.763,4864917.735,-7542.696766,4864926.193
-7434.589285,4864862.497,-7513.637993,4864883.535
-7499.377574,4864867.723,-7505.139812,4864879.561
-7498.342644,4864882.485,-7474.087849,4864868.259
-7541.533239,4864914.668,-7669.419493,4864927.181
-7534.868646,4864939.486,-7539.730601,4864926.979
-7484.809242,4864901.96,-7492.775091,4864874.232
-7432.684433,4864882.77,-7514.077475,4864884.109
-7510.766137,4864853.125,-7505.139812,4864879.561
-7530.676287,4864933.702,-7668.053909,4864927.591
-7504.1535,4864883.871,-7489.230178,4864883.778
-7512.591428,4864841.904,-7513.954058,4864854.385
-7404.542142,4864808.428,-7463.414468,4864819.66
-7417.555129,4864892.832,-7512.846781,4864884.271
-7515.946558,4864843.777,-7512.668892,4864834.434
-7405.194535,4864801.235,-7380.537831,4864813.428
-7385.4008,4864779.729,-7400.909901,4864817.684
-7422.2809,4864878.476,-7513.357362,4864884.255
-7399.231624,4864790.889,-7345.284315,4864804.638
-7452.566037,4864829.455,-7513.76392,4864884.277
-7434.3531,4864861.303,-7461.007499,4864883.818
-7474.038003,4864891.967,-7479.549428,4864882.017
-7541.141068,4864914.201,-7580.058991,4864876.827
-7479.7556,4864895.504,-7515.44804,4864884.158
-7592.149517,4864978.769,-7615.335651,4864979.22
-7430.116569,4864861.134,-7444.602764,4864877.431
-7591.876343,4864978.331,-7612.150883,4864970.851
-7460.602512,4864810.935,-7453.462607,4864831.489
-7500.891911,4864864.153,-7505.204594,4864874.611
-7431.7139,4864884.118,-7416.4454,4864858.542
-7469.372003,4864815.944,-7481.827325,4864855.654
-7506.969539,4864864.149,-7501.66561,4864880.804
-7516.988017,4864889.159,-7485.983087,4864869.45
-7505.951038,4864867.069,-7518.748651,4864882.119
-7423.1762,4864896.141,-7415.199729,4864876.66
-7503.868591,4864866.925,-7515.417115,4864884.174
-7466.93455,4864820.444,-7477.839977,4864870.572
-7565.10851,4864871.922,-7516.411004,4864918.486
-7491.030634,4864865.386,-7507.315551,4864883.866
-7513.382689,4864850.719,-7512.351611,4864860.609
-7381.649542,4864847.587,-7402.120788,4864818.849
-7516.795159,4864843.697,-7509.936724,4864849.172
-7394.519673,4864787.699,-7362.312504,4864782.829
-7513.782244,4864841.438,-7497.551414,4864848.16
-7512.638834,4864840.215,-7513.937333,4864870.657
-7520.750473,4864854.416,-7505.816163,4864882.784
-7505.090623,4864856.034,-7498.045828,4864867.917
-7383.699392,4864782.216,-7365.798959,4864819.07
-7320.66059,4864824.086,-7402.116811,4864820.373
-7374.366807,4864773.533,-7401.978005,4864815.577
-7501.357953,4864885.29,-7515.314946,4864882.219
-7435.346002,4864862.136,-7515.012526,4864858.818
-7498.577445,4864868.491,-7507.802784,4864882.395
-7338.451891,4864826.982,-7402.116995,4864815.479
-7420.768926,4864895.393,-7437.834784,4864882.232
-7364.492818,4864770.036,-7398.656421,4864773.007
-7500.998803,4864885.746,-7512.366704,4864878.844
-7422.552546,4864877.353,-7514.662397,4864873.253
-7507.6706,4864862.887,-7515.367275,4864820.039
-7479.546546,4864893.805,-7495.969949,4864884.151
-7420.652982,4864895.877,-7427.880241,4864882.053
-7438.788897,4864864.004,-7452.610625,4864884.747
-7502.891317,4864864.826,-7511.639191,4864883.614
-7493.38035,4864880.258,-7512.964856,4864883.866
-7352.424523,4864764.224,-7397.473021,4864809.432
-7516.488574,4864844.471,-7553.836248,4864838.651
-7424.812344,4864862.992,-7484.606263,4864884.335
-7422.2809,4864878.476,-7403.567562,4864884.494
-7507.82698,4864855.339,-7515.152926,4864865.089
-7508.003343,4864851.463,-7510.384428,4864834.65
-7512.317967,4864842.623,-7497.253351,4864874.529
-7319.549445,4864815.511,-7400.316624,4864814.618
-7434.736392,4864855.664,-7415.687477,4864879.622
-7458.7266,4864832.163,-7454.613455,4864820.505
-7340.519103,4864758.321,-7368.130966,4864782.768
-7429.966118,4864889.677,-7438.682235,4864884.896
-7422.46892,4864895.516,-7464.452413,4864883.548
-7502.285158,4864860.167,-7499.514281,4864863.394
-7516.657719,4864894.727,-7515.03654,4864880.949
-7337.118525,4864763.754,-7341.217213,4864777.571
-7358.269885,4864836.365,-7343.898949,4864829.308
-7339.547341,4864762.212,-7342.316999,4864771.331
-7500.638203,4864864.062,-7509.993129,4864884.017
-7374.254087,4864844.567,-7372.046002,4864834.932
-7516.243748,4864894.579,-7514.012915,4864883.594
-7454.607592,4864860.387,-7446.28937,4864822.474
-7507.6406,4864862.872,-7507.104162,4864882.313
-7512.6328,4864853.858,-7513.119858,4864871.435
-7458.6045,4864832.095,-7456.46463,4864822.505
-7331.788547,4864767.59,-7377.810586,4864832.541
-7384.3846,4864842.657,-7402.232035,4864842.105
-7381.95992,4864844.979,-7400.405613,4864872.662
-7512.888873,4864842.378,-7511.94147,4864855.205
-7453.85409,4864829.536,-7491.267261,4864834.31
-7383.035103,4864845.912,-7391.837376,4864858.622
-7371.89846,4864849.818,-7390.150699,4864837.712
-7452.177097,4864836.025,-7513.551449,4864883.839
-7517.5858,4864844.915,-7516.852522,4864857.683
-7375.086537,4864855.112,-7393.182704,4864859.586
-7466.252067,4864821.11,-7448.893484,4864821.444
-7374.5042,4864844.706,-7401.80699,4864820.397
-7460.9975,4864809.459,-7484.740159,4864827.125
-7372.609778,4864843.303,-7402.654316,4864845.831
-7367.749533,4864840.958,-7401.922516,4864820.366
-7434.531183,4864867.945,-7449.586171,4864885.276
-7502.632045,4864861.253,-7509.396237,4864883.899
-7366.6345,4864840.34,-7401.783935,4864820.369
-7399.784894,4864787.085,-7402.151075,4864819.694
-7341.34734,4864759.152,-7397.269591,4864843.334
-7360.65616,4864837.023,-7401.68227,4864820.37
-7436.53342,4864843.612,-7514.994304,4864880.673
-7360.695033,4864837.044,-7401.304134,4864820.361
-7354.691889,4864833.934,-7391.21227,4864806.457
-7353.771757,4864833.203,-7400.895357,4864820.145
-7342.70909,4864755.792,-7401.871228,4864790.449
-7434.3531,4864861.303,-7511.861565,4864850.751
-7492.046014,4864884.067,-7402.666707,4864884.06
-7425.01161,4864875.808,-7404.8118,4864884.319
-7351.046286,4864833.291,-7401.321605,4864820.241
-7331.179,4864820.669,-7350.044356,4864824.014
-7343.206695,4864756.724,-7399.729479,4864834.83
-7429.609018,4864878.447,-7513.096435,4864854.904
-7482.15778,4864886.033,-7497.880668,4864884.038
-7357.341566,4864767.214,-7401.980568,4864810.815
-7345.591416,4864830.512,-7401.383343,4864820.261
-7419.687381,4864893.981,-7402.130075,4864947.548
-7435.225942,4864850.825,-7512.512552,4864841.653
-7479.7556,4864895.504,-7515.545172,4864884.117
-7389.454517,4864835.604,-7401.975342,4864820.176
-7346.297876,4864827.837,-7402.19451,4864790.81
-7338.488833,4864824.724,-7392.147218,4864847.487
-7356.477816,4864765.529,-7398.795201,4864827.55
-7309.32401,4864815.04,-7334.377787,4864821.179
-7488.809,4864900.518,-7488.981195,4864882.564
-7338.488833,4864824.724,-7400.571875,4864820.297
-7384.3846,4864842.657,-7401.826416,4864820.369
-7331.179,4864820.669,-7333.165448,4864821.855
-7331.179,4864820.669,-7335.265357,4864822.431
-7374.285159,4864845.824,-7396.277161,4864853.233
-7359.349039,4864766.6,-7397.74526,4864777.044
-7324.37475,4864816.751,-7402.116802,4864772.531
-7325.688299,4864817.859,-7332.341979,4864822.508
-7502.206913,4864884.278,-7513.203308,4864879.114
-7316.348104,4864800.419,-7329.51964,4864821.152
-7382.056376,4864845.805,-7393.27826,4864861.633
-7436.432203,4864838.931,-7499.727583,4864868.162
-7358.51683,4864836.807,-7401.787993,4864820.45
-7381.325965,4864845.325,-7402.256019,4864790.912
-7375.8775,4864774.103,-7402.545908,4864774.664
-7377.02384,4864852.328,-7389.73018,4864867.426
-7315.080544,4864813.372,-7331.713751,4864822.753
-7345.565795,4864829.773,-7401.685489,4864820.297
-7377.087643,4864851.726,-7385.52059,4864850.322
-7310.424169,4864807.914,-7330.647137,4864822.101
-7375.8775,4864774.103,-7402.934815,4864816.132
-7309.2194,4864812.245,-7329.605618,4864821.164
-7329.730361,4864820.944,-7398.717864,4864820.336
-7390.58125,4864826.279,-7402.123835,4864796.715
-7358.67327,4864838.885,-7402.093639,4864820.497
-7385.198521,4864781.109,-7402.005079,4864819.881
-7309.2194,4864812.245,-7328.690466,4864820.976
-7309.2194,4864812.245,-7330.295766,4864821.165
-7345.228482,4864829.625,-7401.931994,4864820.376
-7384.964073,4864781.577,-7401.746963,4864819.364
-7309.2194,4864812.245,-7331.190186,4864823.302
-7391.011929,4864836.714,-7332.820952,4864820.337
-7322.953825,4864819,-7402.013803,4864820.336
-7311.438735,4864809.67,-7331.94754,4864820.211
-7309.2194,4864812.245,-7331.781068,4864823.804
-7393.854302,4864787.522,-7401.23598,4864848.342
-7315.698916,4864802.611,-7329.157315,4864820.092
-7341.247568,4864755.527,-7373.615525,4864791.095
-7401.584288,4864790.951,-7347.201932,4864820.332
-7318.456187,4864800.608,-7403.37156,4864823.954
-7394.415548,4864819.789,-7402.116973,4864865.621
-7434.2386,4864861.241,-7467.283511,4864885.009
-7309.2194,4864812.245,-7328.316217,4864818.81
-7317.550499,4864794.974,-7363.830144,4864808.945
-7321.582096,4864795.514,-7402.10003,4864820.33
-7408.192552,4864796.194,-7383.780989,4864816.464
-7299.786517,4864818.217,-7340.312084,4864820.27
-7421.486099,4864894.559,-7464.897189,4864885.036
-7422.2809,4864878.476,-7453.181517,4864884.328
-7382.117426,4864846.098,-7402.114056,4864837.094
-7370.308062,4864774.24,-7328.568989,4864811.85
-7408.7201,4864795.065,-7381.637151,4864811.141
-7378.032321,4864849.546,-7402.129642,4864852.254
-7418.379866,4864893.404,-7513.477506,4864883.697
-7435.5184,4864877.317,-7504.300525,4864884.294
-7313.549887,4864799.514,-7330.820136,4864817.987
-7312.024868,4864806.474,-7329.92079,4864804.841
-7331.900097,4864768.169,-7370.116591,4864782.461
-7432.755048,4864882.985,-7402.154103,4864890.575
-7404.384357,4864808.045,-7399.245974,4864808.778
-7312.349134,4864805.773,-7336.068477,4864816.783
-7313.080255,4864807.354,-7354.109334,4864848.908
-7367.665604,4864841.81,-7402.109348,4864838.22
-7434.928315,4864878.489,-7511.513106,4864884.005
-7434.3105,4864861.28,-7434.911014,4864884.46
-7323.251428,4864817.454,-7341.389145,4864829.625
-7353.241446,4864834.485,-7402.117261,4864820.431
-7342.9724,4864756.19,-7347.663751,4864819
-7314.968295,4864799.554,-7330.757901,4864790.27
-7315.292,4864801.3,-7328.269475,4864795.748
-7377.52905,4864848.809,-7402.15014,4864852.135
-7337.999907,4864825.939,-7391.362396,4864820.331
-7350.009644,4864757.022,-7363.015479,4864790.146
-7314.001355,4864798.133,-7328.677661,4864812.21
-7316.472082,4864800.76,-7402.104556,4864820.33
-7313.808492,4864797.159,-7353.459767,4864818.397
-7323.826684,4864818.153,-7361.183903,4864820.33
-7365.17068,4864841.708,-7400.716162,4864820.277
-7360.235237,4864837.779,-7391.458123,4864820.338
-7535.763,4864917.735,-7518.334641,4864927.525
-7396.549483,4864813.559,-7354.351328,4864820.058
-7329.0308,4864826.035,-7402.111543,4864820.341
-7311.475688,4864813.083,-7398.604972,4864820.312
-7374.888739,4864844.466,-7401.443133,4864820.547
-7316.672523,4864800.541,-7396.965086,4864820.021
-7409.612,4864797.185,-7339.546794,4864820.53
-7345.316955,4864829.318,-7402.114306,4864821.106
-7385.799965,4864837.274,-7386.438517,4864820.331
-7327.957398,4864782.54,-7354.842342,4864820.329
-7358.745605,4864840.832,-7402.098809,4864820.34
-7315.552885,4864800.829,-7338.218715,4864815.187
-7315.55975,4864800.817,-7331.461471,4864820.49
-7386.7526,4864838.388,-7367.838267,4864825.476
-7405.882,4864808.637,-7401.784741,4864811.946
-7536.092914,4864929.251,-7556.161728,4864888.54
-7325.696197,4864782.345,-7379.846055,4864820.271
-7384.233506,4864775.333,-7492.638433,4864813.338
-7404.477984,4864791.885,-7401.591998,4864781.291
-7358.450451,4864768.035,-7553.34903,4864820.826
-7526.601836,4864935.084,-7534.04064,4864927.385
-7385.4008,4864779.729,-7413.966851,4864816.099
-7526.144709,4864933.671,-7517.634952,4864927.444
-7397.560926,4864783.09,-7478.000282,4864815.366
-7339.123771,4864756.655,-7512.573521,4864820.033
-7342.596549,4864755.99,-7371.133182,4864820.321
-7323.17595,4864818.494,-7397.918308,4864820.33
-7339.168003,4864757.787,-7362.559753,4864818.928
-7405.37254,4864794.003,-7369.861362,4864828.194
-7346.330589,4864749.646,-7362.095608,4864786.515
-7413.940843,4864786.449,-7447.618201,4864808.87
-7327.346846,4864782.859,-7341.841758,4864824.342
-7360.754057,4864837.077,-7381.339035,4864841.861
-7382.330366,4864845.436,-7392.564068,4864846.442
-7373.242687,4864776.561,-7401.598037,4864815.812
-7513.104491,4864943.87,-7674.505578,4864880.22
-7358.7747,4864764.957,-7391.540006,4864820.291
-7357.391504,4864763.571,-7426.160265,4864809.668
-7376.80353,4864851.692,-7375.258989,4864844.158
-7536.8266,4864933.936,-7537.762663,4864923.646
-7374.308033,4864844.597,-7363.26907,4864838.705
-7317.29441,4864794.858,-7341.841758,4864824.342
-7342.736771,4864754.499,-7391.366273,4864820.281
-7371.480204,4864771.23,-7442.45346,4864805.684
-7366.096028,4864845.778,-7377.861486,4864832.829
-7394.601053,4864819.761,-7412.988346,4864820.33
-7325.815571,4864781.869,-7356.7377,4864820.339
-7386.221972,4864777.334,-7481.235645,4864823.564
-7407.24844,4864799.416,-7402.441383,4864795.329
-7327.404996,4864783.043,-7412.452533,4864816.455
-7315.4705,4864800.978,-7336.045783,4864820.064
-7406.629818,4864801.052,-7403.294983,4864814.743
-7352.235166,4864833.048,-7401.302108,4864820.441
-7406.098422,4864801.173,-7398.828788,4864805.568
-7309.2194,4864812.245,-7331.191475,4864820.275
-7315.283556,4864794.07,-7335.594674,4864792.267
-7396.89063,4864822.243,-7396.892697,4864838.494
-7338.79334,4864824.893,-7400.291032,4864820.262
-7398.587629,4864787.045,-7329.463632,4864819.15
-7324.758899,4864817.933,-7332.445997,4864820.316
-7332.134259,4864822.033,-7399.161271,4864820.327
-7406.337999,4864800.314,-7415.163007,4864803.919
-7311.872768,4864804.962,-7335.304602,4864788.203
-7314.6117,4864800.712,-7341.812614,4864795.727
-7364.01569,4864767.865,-7402.140281,4864771.339
-7560.599637,4864888.482,-7515.334846,4864875.166
-7407.384203,4864789.025,-7508.031581,4864817.428
-7318.783586,4864814.577,-7396.314459,4864820.305
-7345.249365,4864830.857,-7346.540158,4864820.328
-7317.2279,4864812.929,-7341.367156,4864825.016
-7322.2416,4864822.269,-7333.240293,4864820.538
-7340.466579,4864758.147,-7402.128086,4864771.132
-7333.795755,4864821.617,-7339.052617,4864825.149
-7318.440245,4864814.044,-7329.081175,4864820.345
-7335.9062,4864829.85,-7338.432838,4864825.27
-7345.8039,4864828.783,-7398.507481,4864820.334
-7327.010932,4864784.334,-7402.134397,4864771.261
-7405.956992,4864801.577,-7551.262221,4864784.706
-7560.3763,4864888.262,-7550.297525,4864879.644
-7351.981125,4864843.493,-7368.267535,4864842.417
-7365.07682,4864840.585,-7402.115376,4864819.869
-7315.5419,4864800.849,-7330.088635,4864820.121
-7310.512057,4864812.517,-7333.271526,4864821.23
-7351.539522,4864829.819,-7373.538394,4864836.901
-7309.623927,4864812.326,-7362.712652,4864821.547
-7354.863583,4864833.018,-7399.50398,4864820.333
-7377.913143,4864849.992,-7402.116674,4864820.42
-7310.299179,4864812.099,-7328.047742,4864820.405
-7312.914296,4864807.708,-7332.415453,4864820.391
-7398.396906,4864788.502,-7402.641139,4864778.717
-7309.2194,4864812.245,-7329.017019,4864821.529
-7309.2194,4864812.245,-7327.988257,4864820.396
-7312.583238,4864797.237,-7332.192796,4864818.101
-7309.2194,4864812.245,-7332.09575,4864816.631
-7303.794296,4864812.441,-7328.658505,4864822.295
-7316.909716,4864814.109,-7334.424881,4864820.328
-7640.181926,4865005.703,-7636.486859,4864988.943
-7682.36188,4864932.22,-7605.720628,4864928.539
-7643.1874,4865004.923,-7641.148516,4864988.618
-7661.086698,4864935.229,-7601.897582,4864927.443
-7643.817663,4864930.432,-7602.690275,4864927.716
-7641.787154,4864902.45,-7628.441849,4864865.163
-7592.050954,4864978.453,-7612.021687,4864982.098
-7539.109213,4864919.22,-7528.138666,4864924.162
-7534.432171,4864938.173,-7530.434477,4864926.428
-7518.690335,4864890.845,-7539.716199,4864841.721
-7504.0218,4864864.969,-7513.56407,4864883.369
-7472.278562,4864865.824,-7458.905523,4864882.235
-7434.970467,4864862.175,-7449.285851,4864884.671
-7435.97429,4864862.259,-7512.644656,4864881.52
-7424.398503,4864875.167,-7515.952616,4864880.961
-7423.897748,4864875.529,-7515.438276,4864880.305
-7424.812344,4864862.992,-7516.042284,4864881.431
-7419.785866,4864894.254,-7419.515132,4864882.472
-7423.0756,4864896.084,-7402.114728,4864977.419
-7427.074479,4864903.081,-7419.51865,4864885.138
-7456.021042,4864830.396,-7457.147857,4864822.322
-7456.71521,4864831.23,-7468.811958,4864825.599
-7452.844588,4864828.578,-7455.472316,4864820.903
-7436.896274,4864863.196,-7432.496334,4864854.63
-7424.833565,4864875.461,-7519.292695,4864880.926
-7422.1096,4864878.788,-7516.84443,4864880.053
-7419.322715,4864894.814,-7522.416659,4864880.226
-7416.7977,4864892.696,-7520.140375,4864879.643
-7530.375197,4864934.482,-7525.985243,4864926.541
-7526.245871,4864934.184,-7530.365654,4864927.602
-7530.048346,4864957.593,-7533.966972,4864929.239
-7530.49751,4864956.882,-7534.070193,4864929.211
-7537.454233,4864898.089,-7541.459999,4864880.459
-7557.615859,4864886.832,-7559.027467,4864876.463
-7569.852787,4864874.647,-7569.576789,4864876.603
-7389.226917,4864834.96,-7401.632113,4864829.485
-7352.064178,4864835.481,-7381.080954,4864834.458
-7337.775408,4864826.507,-7337.350153,4864822.631
-7324.144263,4864818.244,-7335.257105,4864822.963
-7316.901654,4864815.334,-7330.979105,4864822.052
-7346.611346,4864756.251,-7367.053083,4864800.16
-7337.790119,4864763.044,-7379.084877,4864773.454
-7345.639826,4864756.397,-7447.964442,4864813.204
-7345.671723,4864750.437,-7459.633961,4864823.575
-7345.872247,4864749.666,-7445.746642,4864828.087
-7347.220669,4864748.015,-7401.367821,4864825.716
-7348.607444,4864757.277,-7416.066784,4864813.073
-7355.990396,4864761.506,-7437.79738,4864784.991
-7362.995454,4864764.873,-7503.596272,4864853.242
-7370.42722,4864768.262,-7487.796002,4864829.182
-7376.931626,4864773.197,-7496.47509,4864831.488
-7405.1024,4864786.673,-7512.79368,4864854.001
-7406.178666,4864788.492,-7511.612623,4864827.6
-7404.897642,4864789.52,-7512.235093,4864828.794
-7411.093993,4864792.772,-7511.159634,4864823.597
-7407.627303,4864799.44,-7514.457177,4864832.379
-7390.054495,4864835.778,-7387.02659,4864846.23
-7381.842483,4864843.708,-7385.400827,4864839.547
-7376.419616,4864852.752,-7409.857331,4864869.25
-7358.485367,4864840.332,-7390.315673,4864868.163
-7359.502802,4864837.172,-7341.242383,4864824.618
-7330.881524,4864823.043,-7337.163862,4864824.638
-7316.94521,4864814.821,-7343.174943,4864826.16
-7317.344231,4864795.53,-7343.914223,4864827.331
-7313.73112,4864792.063,-7336.793152,4864819.322
-7637.535798,4864903.229,-7629.989684,4864899.523
-7636.654005,4864904.936,-7646.355042,4864921.638
-7637.94412,4864903.536,-7630.187472,4864921.443
